<?xml version="1.0" encoding="UTF-8"?>

<!-- Custom Model -->

<!-- Note: This model is pre-configured to load at startup of the Repository.  So, all custom -->
<!--       types and aspects added here will automatically be registered -->

<model name="bhddl:devOpsDatalists" xmlns="http://www.alfresco.org/model/dictionary/1.0">

   <!-- Optional meta-data about the model -->   
   <description>Baker Hughes Custom Content Model for DataLists</description>
   <author>Baker Hughes Administrator</author>
   <version>1.0</version>

   <imports>
   	  <!-- Import Alfresco Dictionary Definitions -->
      <import uri="http://www.alfresco.org/model/dictionary/1.0" prefix="d"/>
      <!-- Import Alfresco Content Domain Model Definitions -->
      <import uri="http://www.alfresco.org/model/content/1.0" prefix="cm"/>
	  <!-- Import Alfresco Data List Model Definitions -->
      <import uri="http://www.alfresco.org/model/datalist/1.0"   prefix="dl" />
   </imports>

   <!-- Introduction of new namespaces defined by this model -->
   <!-- NOTE: The following namespace tm.model should be changed to reflect your own namespace -->
   <namespaces>
      <namespace uri="http://www.bakerhughes.com/model/devops/datalist/1.0" prefix="bhddl"/>
   </namespaces>
    
	<types>
	         <!--
            Data List Item Type for the custom Attributes List
            -->
        <type name="bhddl:vaccinationStatusListItem">
            <title>Baker Hughes, Vaccination Status Datalist</title>
			<description>This DataList is used to store Vaccination Status of BH Employees</description>
            <parent>dl:dataListItem</parent>
            <properties>
                 <property name="bhddl:request_from">
                    <title>Request From</title>
                    <type>d:text</type>
					<mandatory>true</mandatory>
                </property>
                <property name="bhddl:employee_id">
                    <title>Employee Id</title>
                    <type>d:text</type>
                    <mandatory>true</mandatory>
                </property>
                <property name="bhddl:first_name">
                    <title>First Name</title>
                    <type>d:text</type>
					<mandatory>true</mandatory>
                </property>
                <property name="bhddl:last_name">
                    <title>Last Name</title>
                    <type>d:text</type>
                    <mandatory>true</mandatory>
                </property>
                <property name="bhddl:entry_type">
                    <title>Entry Type</title>
                    <type>d:text</type>
					<mandatory>true</mandatory>
                </property>
                <property name="bhddl:product_company">
                    <title>Product Company</title>
                    <type>d:text</type>
                    <mandatory>false</mandatory>
                </property>
                <property name="bhddl:product_line">
                    <title>Product Line</title>
                    <type>d:text</type>
                    <mandatory>false</mandatory>
                </property>
                 <property name="bhddl:vaccination_location">
                    <title>Vaccination Location</title>
                    <type>d:text</type>
                    <mandatory>false</mandatory>
                </property>
                <property name="bhddl:vaccine_name">
                    <title>Vaccine Name</title>
                    <type>d:text</type>
                    <mandatory>false</mandatory>
                </property>
                <property name="bhddl:choice_to_provide_vaccine_status">
                    <title>Choice to Provide Vaccination Status</title>
                    <type>d:text</type>
                    <mandatory>false</mandatory>
                </property>
                <property name="bhddl:agree_to_provide_data">
                    <title>Agree to provide data</title>
                    <type>d:text</type>
                    <mandatory>false</mandatory>
                </property>
                <property name="bhddl:fully_vaccinated">
                    <title>Fully Vaccinated?</title>
                    <type>d:text</type>
                    <mandatory>false</mandatory>
                </property>
                <property name="bhddl:willing_to_share_vaccine_cert">
                    <title>Willing to share vaccine certificate?</title>
                    <type>d:text</type>
                    <mandatory>false</mandatory>
                </property>
			</properties>		
		</type>
		
	</types>
</model>